user_id,timestamp,event_date,event_type,screen,button_id,amount,currency
user_237,2025-03-07T04:48:28-08:00,2025-03-07,signup,checkout,btn_3,,
user_407,2025-03-17T00:32:30+00:00,2025-03-17,login,home,btn_signup,,
user_243,2025-03-01T19:15:31-05:00,2025-03-01,signup,home,btn_3,,
user_269,2025-03-18T19:46:16-06:00,2025-03-18,signup,product,btn_signup,,
user_352,2025-03-14T02:43:17+09:00,2025-03-14,click,search,btn_1,,
user_331,2025-03-09T15:46:20-06:00,2025-03-09,signup,search,btn_login,,
user_448,2025-03-11T00:17:27+00:00,2025-03-11,purchase,product,btn_2,105.32,JPY
user_115,2025-03-18T17:35:42-04:00,2025-03-18,login,checkout,btn_2,,
user_377,2025-03-23T06:50:29-07:00,2025-03-23,login,profile,btn_3,,
user_471,2025-03-28T21:37:24-04:00,2025-03-28,purchase,product,btn_signup,121.63,EUR
user_249,2025-03-23T01:40:18+09:00,2025-03-23,login,home,btn_signup,,
user_125,2025-03-21T11:10:30+09:00,2025-03-21,signup,checkout,btn_login,,
user_171,2025-03-17T05:49:54-04:00,2025-03-17,login,search,btn_2,,
user_158,2025-03-18T10:51:52+00:00,2025-03-18,purchase,home,btn_signup,37.17,EUR
user_467,2025-03-03T16:50:04+09:00,2025-03-03,purchase,checkout,btn_1,166.83,EUR
user_167,2025-03-30T17:12:12+01:00,2025-03-30,login,checkout,btn_2,,
user_209,2025-03-29T20:40:03-06:00,2025-03-29,login,profile,btn_1,,
user_126,2025-03-15T22:53:02-04:00,2025-03-15,purchase,checkout,btn_1,115.65,JPY
user_393,2025-03-21T00:38:11-04:00,2025-03-21,click,profile,btn_2,,
user_247,2025-03-11T21:41:06+09:00,2025-03-11,click,search,btn_1,,
user_100,2025-03-04T09:39:59-05:00,2025-03-04,click,checkout,btn_3,,
user_274,2025-03-20T12:37:09-06:00,2025-03-20,purchase,search,btn_login,95.56,JPY
user_299,2025-03-07T21:45:05-07:00,2025-03-07,signup,product,btn_3,,
user_226,2025-03-08T13:31:38-08:00,2025-03-08,login,search,btn_login,,
user_202,2025-03-25T10:47:34-04:00,2025-03-25,purchase,home,btn_2,51.41,JPY
user_308,2025-03-20T18:59:02+00:00,2025-03-20,click,checkout,btn_1,,
user_165,2025-03-24T20:07:07+09:00,2025-03-24,purchase,home,btn_1,87.44,JPY
user_199,2025-03-30T18:29:07-07:00,2025-03-30,login,product,btn_3,,
user_430,2025-03-20T18:52:47+00:00,2025-03-20,signup,profile,btn_1,,
user_216,2025-03-04T08:02:18-05:00,2025-03-04,login,product,btn_3,,
user_213,2025-03-01T12:54:30-07:00,2025-03-01,click,profile,btn_1,,
user_357,2025-03-25T04:41:27-07:00,2025-03-25,signup,checkout,btn_signup,,
user_415,2025-03-26T20:31:20+00:00,2025-03-26,purchase,product,btn_login,80.24,JPY
user_143,2025-03-04T14:25:35-05:00,2025-03-04,purchase,product,btn_login,158.23,EUR
user_309,2025-03-15T11:54:34-04:00,2025-03-15,purchase,home,btn_signup,151.69,JPY
user_100,2025-03-10T11:41:12+00:00,2025-03-10,login,product,btn_login,,
user_223,2025-03-23T22:56:37+00:00,2025-03-23,login,home,btn_3,,
user_379,2025-03-11T00:59:22-06:00,2025-03-11,click,product,btn_3,,
user_216,2025-03-21T10:43:40+00:00,2025-03-21,login,search,btn_login,,
user_287,2025-03-16T14:38:12+09:00,2025-03-16,signup,product,btn_1,,
user_454,2025-03-12T12:56:49-07:00,2025-03-12,login,search,btn_1,,
user_129,2025-03-25T17:39:55-06:00,2025-03-25,click,search,btn_signup,,
user_465,2025-03-21T12:55:19-07:00,2025-03-21,login,search,btn_1,,
user_393,2025-03-08T11:54:07+09:00,2025-03-08,purchase,product,btn_signup,120.84,USD
user_252,2025-03-07T03:23:27-05:00,2025-03-07,click,profile,btn_login,,
user_149,2025-03-30T23:58:15-06:00,2025-03-30,click,product,btn_signup,,
user_154,2025-03-23T06:47:35-04:00,2025-03-23,click,checkout,btn_2,,
user_288,2025-03-23T23:48:22+09:00,2025-03-23,login,product,btn_1,,
user_484,2025-03-26T05:56:17-04:00,2025-03-26,purchase,search,btn_signup,103.26,USD
user_126,2025-03-15T17:47:50-04:00,2025-03-15,purchase,search,btn_signup,100.6,USD
user_311,2025-03-02T21:07:56-07:00,2025-03-02,click,product,btn_3,,
user_209,2025-03-17T20:36:34-07:00,2025-03-17,login,profile,btn_2,,
user_409,2025-03-28T12:05:46-04:00,2025-03-28,purchase,profile,btn_2,57.32,JPY
user_214,2025-03-11T14:06:13-06:00,2025-03-11,login,checkout,btn_login,,
user_223,2025-03-04T18:08:41-07:00,2025-03-04,login,search,btn_2,,
user_313,2025-03-11T07:20:44-04:00,2025-03-11,click,checkout,btn_3,,
user_190,2025-03-20T04:19:25-07:00,2025-03-20,click,search,btn_2,,
user_482,2025-03-27T18:58:12+00:00,2025-03-27,signup,profile,btn_login,,
user_247,2025-03-10T21:58:42+00:00,2025-03-10,signup,search,btn_2,,
user_265,2025-03-18T03:05:41+00:00,2025-03-18,login,checkout,btn_signup,,
user_301,2025-03-20T20:48:53+09:00,2025-03-20,login,home,btn_signup,,
user_367,2025-03-08T00:46:25+00:00,2025-03-08,login,checkout,btn_1,,
user_195,2025-03-20T15:42:26+00:00,2025-03-20,click,home,btn_signup,,
user_163,2025-03-15T05:32:44+09:00,2025-03-15,purchase,search,btn_signup,117.93,JPY
user_471,2025-03-26T01:15:21-06:00,2025-03-26,click,home,btn_2,,
user_330,2025-03-03T13:05:35-07:00,2025-03-03,login,product,btn_3,,
user_268,2025-03-02T16:40:18+00:00,2025-03-02,login,checkout,btn_login,,
user_270,2025-03-03T00:57:55-07:00,2025-03-03,purchase,home,btn_1,7.2,JPY
user_237,2025-03-04T12:26:41+09:00,2025-03-04,purchase,profile,btn_1,5.9,EUR
user_331,2025-03-02T09:31:07+09:00,2025-03-02,login,profile,btn_2,,
user_343,2025-03-06T08:22:48+09:00,2025-03-06,purchase,search,btn_3,196.65,JPY
user_254,2025-03-18T04:41:38-06:00,2025-03-18,purchase,checkout,btn_signup,191.97,EUR
user_199,2025-03-02T17:25:04-07:00,2025-03-02,purchase,product,btn_2,146.03,USD
user_208,2025-03-18T05:51:58+00:00,2025-03-18,purchase,product,btn_1,149.92,JPY
user_199,2025-03-25T21:44:02-06:00,2025-03-25,login,product,btn_login,,
user_351,2025-03-31T15:26:24+09:00,2025-03-31,signup,home,btn_3,,
user_193,2025-03-10T13:51:48-04:00,2025-03-10,click,profile,btn_2,,
user_467,2025-03-13T13:19:44-04:00,2025-03-13,click,product,btn_2,,
user_132,2025-03-05T13:38:00+00:00,2025-03-05,click,checkout,btn_login,,
user_105,2025-03-14T04:12:33+09:00,2025-03-14,purchase,checkout,btn_login,196.29,JPY
user_343,2025-03-21T10:13:50-07:00,2025-03-21,login,checkout,btn_signup,,
user_217,2025-03-02T20:36:57-07:00,2025-03-02,purchase,search,btn_1,55.31,USD
user_326,2025-03-18T22:22:41-06:00,2025-03-18,signup,checkout,btn_2,,
user_249,2025-03-23T23:57:55-06:00,2025-03-23,click,search,btn_3,,
user_323,2025-03-16T06:06:59-04:00,2025-03-16,click,search,btn_login,,
user_190,2025-03-27T08:59:00-04:00,2025-03-27,purchase,checkout,btn_login,142.23,EUR
user_322,2025-03-23T17:20:35-07:00,2025-03-23,login,profile,btn_3,,
user_328,2025-03-23T01:09:49-04:00,2025-03-23,login,profile,btn_login,,
user_217,2025-03-20T04:46:06+09:00,2025-03-20,click,checkout,btn_login,,
user_122,2025-03-03T11:24:05-08:00,2025-03-03,click,profile,btn_3,,
user_169,2025-03-26T22:12:30-06:00,2025-03-26,purchase,search,btn_1,198.4,EUR
user_157,2025-03-11T15:27:12+00:00,2025-03-11,purchase,search,btn_2,76.9,USD
user_331,2025-03-04T12:02:21-08:00,2025-03-04,signup,product,btn_3,,
user_234,2025-03-24T07:54:42-07:00,2025-03-24,signup,product,btn_3,,
user_493,2025-03-09T21:53:07+09:00,2025-03-09,login,product,btn_2,,
user_434,2025-03-30T13:01:44-06:00,2025-03-30,signup,checkout,btn_login,,
user_411,2025-03-22T09:36:36-06:00,2025-03-22,purchase,search,btn_login,39.65,JPY
user_266,2025-03-30T05:26:12-04:00,2025-03-30,signup,product,btn_signup,,
user_425,2025-03-07T03:14:07+09:00,2025-03-07,signup,checkout,btn_signup,,
user_307,2025-03-08T10:49:57-08:00,2025-03-08,login,profile,btn_signup,,
user_406,2025-03-04T17:02:25-05:00,2025-03-04,signup,product,btn_2,,
user_424,2025-03-20T20:27:00+00:00,2025-03-20,click,profile,btn_signup,,
user_143,2025-03-21T21:28:06+00:00,2025-03-21,purchase,checkout,btn_2,92.96,EUR
user_227,2025-03-22T07:17:17+00:00,2025-03-22,signup,checkout,btn_3,,
user_468,2025-03-07T02:45:36-08:00,2025-03-07,click,home,btn_3,,
user_289,2025-03-08T22:42:24-07:00,2025-03-08,signup,home,btn_2,,
user_222,2025-03-16T05:57:25-04:00,2025-03-16,purchase,search,btn_login,102.83,JPY
user_104,2025-03-07T22:12:56-05:00,2025-03-07,login,home,btn_2,,
user_175,2025-03-15T03:04:02-06:00,2025-03-15,purchase,search,btn_login,43.34,JPY
user_187,2025-03-13T18:52:22-04:00,2025-03-13,signup,profile,btn_login,,
user_287,2025-03-20T12:32:42+09:00,2025-03-20,click,product,btn_1,,
user_205,2025-03-30T02:40:19-07:00,2025-03-30,login,product,btn_login,,
user_113,2025-03-19T21:41:21-07:00,2025-03-19,purchase,home,btn_signup,157.17,JPY
user_258,2025-03-08T08:51:04-07:00,2025-03-08,purchase,search,btn_login,171.36,EUR
user_466,2025-03-08T16:55:38-08:00,2025-03-08,login,search,btn_1,,
user_466,2025-03-19T16:03:35+09:00,2025-03-19,click,search,btn_signup,,
user_114,2025-03-28T03:15:27-04:00,2025-03-28,click,checkout,btn_signup,,
user_351,2025-03-11T20:42:22+00:00,2025-03-11,login,checkout,btn_3,,
user_159,2025-03-24T20:26:49+09:00,2025-03-24,purchase,search,btn_1,92.88,JPY
user_304,2025-03-06T15:07:18-08:00,2025-03-06,signup,profile,btn_signup,,
user_435,2025-03-28T02:43:48-07:00,2025-03-28,signup,checkout,btn_signup,,
user_348,2025-03-03T12:37:42-05:00,2025-03-03,login,checkout,btn_signup,,
user_487,2025-03-06T00:57:03+00:00,2025-03-06,signup,search,btn_signup,,
user_332,2025-03-09T03:49:32-04:00,2025-03-09,click,checkout,btn_2,,
user_414,2025-03-07T19:02:09-08:00,2025-03-07,click,home,btn_3,,
user_406,2025-03-14T23:33:55-04:00,2025-03-14,login,home,btn_2,,
user_168,2025-03-30T17:07:30+01:00,2025-03-30,click,search,btn_login,,
user_125,2025-03-26T17:31:11-07:00,2025-03-26,click,home,btn_2,,
user_330,2025-03-18T18:20:37+09:00,2025-03-18,signup,product,btn_login,,
user_458,2025-03-09T22:59:50-04:00,2025-03-09,purchase,profile,btn_login,142.41,JPY
user_434,2025-03-08T02:31:36+09:00,2025-03-08,signup,checkout,btn_3,,
user_119,2025-03-20T17:39:41+00:00,2025-03-20,signup,checkout,btn_signup,,
user_202,2025-03-07T16:48:39-08:00,2025-03-07,purchase,search,btn_login,183.72,USD
user_193,2025-03-08T02:32:44-05:00,2025-03-08,click,product,btn_3,,
user_386,2025-03-26T02:14:10-07:00,2025-03-26,purchase,checkout,btn_3,129.66,USD
user_156,2025-03-07T18:26:18-08:00,2025-03-07,click,profile,btn_3,,
user_273,2025-03-25T16:35:20+09:00,2025-03-25,signup,product,btn_2,,
user_430,2025-03-03T11:12:59-08:00,2025-03-03,login,home,btn_2,,
user_267,2025-03-22T07:59:53-06:00,2025-03-22,login,product,btn_2,,
user_228,2025-03-03T03:30:10-05:00,2025-03-03,purchase,product,btn_login,59.83,JPY
user_282,2025-03-09T04:15:28-04:00,2025-03-09,purchase,checkout,btn_3,126.12,JPY
user_449,2025-03-17T14:47:48-04:00,2025-03-17,click,product,btn_3,,
user_327,2025-03-22T05:11:24-06:00,2025-03-22,purchase,product,btn_2,76.32,USD
user_305,2025-03-19T18:19:16+09:00,2025-03-19,login,home,btn_signup,,
user_131,2025-03-20T00:30:20-04:00,2025-03-20,click,product,btn_2,,
user_284,2025-03-30T06:40:07+09:00,2025-03-30,click,home,btn_signup,,
user_182,2025-03-19T23:40:42-07:00,2025-03-19,click,profile,btn_signup,,
user_473,2025-03-17T09:48:49-06:00,2025-03-17,signup,checkout,btn_signup,,
user_484,2025-03-12T06:17:30+00:00,2025-03-12,purchase,profile,btn_2,78.26,EUR
user_385,2025-03-06T13:24:00-07:00,2025-03-06,click,profile,btn_1,,
user_299,2025-03-19T15:04:19+00:00,2025-03-19,login,product,btn_signup,,
user_232,2025-03-06T20:21:36+00:00,2025-03-06,login,search,btn_login,,
user_153,2025-03-19T09:09:09-06:00,2025-03-19,signup,checkout,btn_1,,
user_237,2025-03-13T06:23:40-07:00,2025-03-13,signup,checkout,btn_login,,
user_116,2025-03-10T23:28:22-06:00,2025-03-10,purchase,product,btn_login,133.96,JPY
user_101,2025-03-11T18:01:30+00:00,2025-03-11,login,home,btn_signup,,
user_418,2025-03-11T21:05:22+00:00,2025-03-11,purchase,home,btn_signup,121.93,USD
user_184,2025-03-30T05:04:31-04:00,2025-03-30,signup,home,btn_2,,
user_499,2025-03-24T21:56:19-04:00,2025-03-24,signup,profile,btn_3,,
user_347,2025-03-25T23:48:14+00:00,2025-03-25,click,profile,btn_3,,
user_405,2025-03-12T20:36:33-04:00,2025-03-12,purchase,search,btn_2,59.48,USD
user_202,2025-03-19T18:35:49+00:00,2025-03-19,click,home,btn_login,,
user_240,2025-03-21T01:19:03+09:00,2025-03-21,click,search,btn_1,,
user_463,2025-03-26T00:20:56-06:00,2025-03-26,signup,home,btn_1,,
user_301,2025-03-28T17:19:26+00:00,2025-03-28,click,home,btn_3,,
user_446,2025-03-19T08:38:14-04:00,2025-03-19,click,search,btn_3,,
user_457,2025-03-28T17:23:02+00:00,2025-03-28,signup,product,btn_login,,
user_272,2025-03-27T10:10:07+09:00,2025-03-27,signup,home,btn_1,,
user_475,2025-03-04T00:24:38-08:00,2025-03-04,login,profile,btn_1,,
user_227,2025-03-26T20:25:11-07:00,2025-03-26,purchase,product,btn_2,73.36,JPY
user_148,2025-03-05T02:21:37+09:00,2025-03-05,purchase,product,btn_2,177.27,JPY
user_150,2025-03-18T02:07:22-06:00,2025-03-18,click,profile,btn_2,,
user_332,2025-03-16T08:49:51+00:00,2025-03-16,purchase,checkout,btn_2,54.32,EUR
user_256,2025-03-21T13:15:19+00:00,2025-03-21,login,home,btn_signup,,
user_106,2025-03-17T13:57:34-04:00,2025-03-17,purchase,home,btn_1,149.77,USD
user_394,2025-03-04T07:57:29-07:00,2025-03-04,click,checkout,btn_signup,,
user_475,2025-03-01T11:20:18-07:00,2025-03-01,purchase,profile,btn_3,198.67,JPY
user_381,2025-03-23T04:01:01-04:00,2025-03-23,login,checkout,btn_signup,,
user_212,2025-03-01T09:36:41-05:00,2025-03-01,purchase,product,btn_3,72.65,USD
user_250,2025-03-30T19:59:44-07:00,2025-03-30,login,home,btn_login,,
user_119,2025-03-01T04:37:44-07:00,2025-03-01,login,profile,btn_2,,
user_374,2025-03-30T16:10:18-04:00,2025-03-30,click,checkout,btn_3,,
user_457,2025-03-09T21:17:08-06:00,2025-03-09,purchase,profile,btn_1,14.06,USD
user_209,2025-03-23T17:30:23-04:00,2025-03-23,login,profile,btn_1,,
user_108,2025-03-26T13:31:25-04:00,2025-03-26,purchase,search,btn_2,110.33,JPY
user_352,2025-03-22T10:01:35-04:00,2025-03-22,click,home,btn_2,,
user_181,2025-03-18T06:19:52+09:00,2025-03-18,purchase,profile,btn_1,122.93,JPY
user_384,2025-03-30T02:34:13-04:00,2025-03-30,login,checkout,btn_signup,,
user_366,2025-03-19T04:04:38-04:00,2025-03-19,purchase,checkout,btn_signup,6.36,JPY
user_302,2025-03-01T04:54:49-05:00,2025-03-01,login,profile,btn_2,,
user_468,2025-03-07T07:38:39-08:00,2025-03-07,signup,checkout,btn_3,,
user_195,2025-03-29T09:40:38-07:00,2025-03-29,signup,checkout,btn_signup,,
user_387,2025-03-10T04:35:53-07:00,2025-03-10,purchase,product,btn_login,176.7,EUR
user_160,2025-03-08T04:02:07-08:00,2025-03-08,click,home,btn_login,,
user_335,2025-03-29T17:01:57+09:00,2025-03-29,signup,home,btn_signup,,
user_256,2025-03-12T13:21:07-07:00,2025-03-12,purchase,product,btn_2,117.14,JPY
user_247,2025-03-09T22:03:22-04:00,2025-03-09,login,product,btn_login,,
user_272,2025-03-28T03:29:59-06:00,2025-03-28,click,search,btn_signup,,
user_234,2025-03-07T01:07:03+09:00,2025-03-07,signup,product,btn_signup,,
user_117,2025-03-18T17:05:28-04:00,2025-03-18,signup,checkout,btn_signup,,
user_167,2025-03-11T15:23:14+09:00,2025-03-11,login,home,btn_1,,
user_476,2025-03-27T04:26:49+00:00,2025-03-27,purchase,profile,btn_login,121.87,EUR
user_227,2025-03-29T16:21:38-07:00,2025-03-29,signup,home,btn_login,,
user_346,2025-03-04T06:21:17-08:00,2025-03-04,click,checkout,btn_2,,
user_171,2025-03-27T20:41:10-06:00,2025-03-27,login,product,btn_3,,
user_291,2025-03-17T14:17:01-04:00,2025-03-17,purchase,checkout,btn_login,118.68,EUR
user_248,2025-03-03T09:54:30+09:00,2025-03-03,login,search,btn_login,,
user_194,2025-03-12T03:03:59-07:00,2025-03-12,login,profile,btn_login,,
user_222,2025-03-19T02:37:10-04:00,2025-03-19,signup,search,btn_login,,
user_475,2025-03-22T06:05:26-06:00,2025-03-22,purchase,home,btn_1,78.41,JPY
user_475,2025-03-12T21:18:42+09:00,2025-03-12,signup,home,btn_3,,
user_301,2025-03-18T18:36:37+00:00,2025-03-18,signup,profile,btn_2,,
user_245,2025-03-01T16:25:23-07:00,2025-03-01,purchase,home,btn_1,73.19,USD
user_391,2025-03-27T18:14:12-07:00,2025-03-27,click,product,btn_1,,
user_238,2025-03-23T23:09:42-07:00,2025-03-23,click,product,btn_1,,
user_406,2025-03-29T00:22:08-04:00,2025-03-29,purchase,search,btn_login,60.63,JPY
user_488,2025-03-28T23:39:03+09:00,2025-03-28,click,profile,btn_1,,
user_101,2025-03-27T08:34:04+00:00,2025-03-27,login,home,btn_3,,
user_195,2025-03-07T23:03:32+09:00,2025-03-07,signup,home,btn_login,,
user_332,2025-03-30T03:55:30-04:00,2025-03-30,click,search,btn_1,,
user_409,2025-03-19T21:56:05-07:00,2025-03-19,purchase,search,btn_signup,163.62,USD
user_230,2025-03-10T02:38:02-04:00,2025-03-10,login,home,btn_1,,
user_370,2025-03-10T02:48:02+09:00,2025-03-10,signup,search,btn_1,,
user_108,2025-03-11T13:29:29+00:00,2025-03-11,purchase,profile,btn_2,148.52,USD
user_336,2025-03-12T14:36:51+00:00,2025-03-12,purchase,profile,btn_3,154.16,EUR
user_338,2025-03-29T15:40:47-06:00,2025-03-29,signup,search,btn_1,,
user_439,2025-03-01T19:10:34+00:00,2025-03-01,click,product,btn_login,,
user_165,2025-03-11T14:56:42+09:00,2025-03-11,purchase,profile,btn_3,165.74,USD
user_475,2025-03-20T10:05:00+00:00,2025-03-20,login,checkout,btn_1,,
user_230,2025-03-06T09:35:45-05:00,2025-03-06,purchase,home,btn_3,19.63,USD
user_403,2025-03-07T01:16:19+00:00,2025-03-07,login,profile,btn_1,,
user_362,2025-03-13T10:07:52-07:00,2025-03-13,click,search,btn_signup,,
user_232,2025-03-22T18:28:50-07:00,2025-03-22,purchase,search,btn_signup,174.87,EUR
user_341,2025-03-18T21:49:34-04:00,2025-03-18,login,checkout,btn_login,,
user_200,2025-03-16T02:51:13-04:00,2025-03-16,purchase,home,btn_signup,88.93,USD
user_181,2025-03-30T06:33:02+09:00,2025-03-30,click,profile,btn_1,,
user_202,2025-03-03T20:17:29-07:00,2025-03-03,signup,profile,btn_1,,
user_216,2025-03-24T15:37:44+09:00,2025-03-24,signup,home,btn_1,,
user_349,2025-03-18T11:16:33-04:00,2025-03-18,login,search,btn_signup,,
user_488,2025-03-16T12:40:45-07:00,2025-03-16,login,home,btn_2,,
user_374,2025-03-16T11:12:57-04:00,2025-03-16,login,checkout,btn_login,,
user_407,2025-03-29T19:59:04-06:00,2025-03-29,signup,search,btn_signup,,
user_156,2025-03-21T00:06:32-06:00,2025-03-21,login,profile,btn_login,,
user_405,2025-03-06T06:44:15+09:00,2025-03-06,login,product,btn_2,,
user_483,2025-03-24T13:17:09-06:00,2025-03-24,signup,product,btn_2,,
user_172,2025-03-25T03:56:01-06:00,2025-03-25,click,home,btn_signup,,
user_217,2025-03-06T23:06:51-05:00,2025-03-06,signup,search,btn_3,,
user_401,2025-03-10T04:55:40+09:00,2025-03-10,purchase,search,btn_1,170.33,EUR
user_467,2025-03-14T10:59:40-07:00,2025-03-14,signup,product,btn_1,,
user_225,2025-03-13T21:47:43+00:00,2025-03-13,signup,product,btn_1,,
user_128,2025-03-09T01:29:52-07:00,2025-03-09,login,profile,btn_login,,
user_324,2025-03-13T15:33:18+09:00,2025-03-13,signup,search,btn_2,,
user_327,2025-03-27T20:38:00-06:00,2025-03-27,signup,search,btn_3,,
user_229,2025-03-25T10:04:51-06:00,2025-03-25,login,home,btn_signup,,
user_498,2025-03-02T12:42:32+00:00,2025-03-02,signup,search,btn_1,,
user_164,2025-03-18T03:17:35-04:00,2025-03-18,purchase,product,btn_1,118.72,EUR
user_500,2025-03-13T21:36:09-04:00,2025-03-13,login,home,btn_1,,
user_311,2025-03-24T05:27:06-06:00,2025-03-24,signup,checkout,btn_login,,
user_288,2025-03-07T15:58:29+00:00,2025-03-07,signup,profile,btn_login,,
user_383,2025-03-06T09:10:41-08:00,2025-03-06,signup,search,btn_login,,
user_221,2025-03-21T20:29:08+00:00,2025-03-21,click,search,btn_signup,,
user_377,2025-03-15T08:19:58-04:00,2025-03-15,login,home,btn_3,,
user_500,2025-03-19T07:03:29-06:00,2025-03-19,login,search,btn_3,,
user_154,2025-03-11T05:43:58+09:00,2025-03-11,click,product,btn_3,,
user_110,2025-03-08T10:23:06-05:00,2025-03-08,click,home,btn_login,,
user_130,2025-03-30T21:03:08-06:00,2025-03-30,purchase,profile,btn_signup,57.03,EUR
user_172,2025-03-23T01:48:14-07:00,2025-03-23,purchase,product,btn_login,92.68,EUR
user_189,2025-03-29T07:48:26+00:00,2025-03-29,login,profile,btn_1,,
user_348,2025-03-30T07:11:23-07:00,2025-03-30,click,profile,btn_login,,
user_260,2025-03-17T13:58:25+09:00,2025-03-17,purchase,home,btn_1,108.25,USD
user_374,2025-03-30T02:02:36-04:00,2025-03-30,purchase,product,btn_login,165.78,EUR
user_260,2025-03-23T00:45:54+09:00,2025-03-23,click,product,btn_signup,,
user_105,2025-03-15T13:47:15+09:00,2025-03-15,click,home,btn_1,,
user_134,2025-03-23T10:06:32-06:00,2025-03-23,click,product,btn_2,,
user_296,2025-03-18T21:17:25+00:00,2025-03-18,click,product,btn_login,,
user_193,2025-03-08T13:07:04+00:00,2025-03-08,login,checkout,btn_1,,
user_339,2025-03-21T18:52:41-07:00,2025-03-21,click,search,btn_2,,
user_236,2025-03-11T04:37:56-06:00,2025-03-11,purchase,profile,btn_1,190.91,USD
user_238,2025-03-07T19:50:34-05:00,2025-03-07,purchase,search,btn_login,191.12,USD
user_283,2025-03-20T14:31:11+09:00,2025-03-20,click,search,btn_login,,
user_464,2025-03-22T16:30:06-04:00,2025-03-22,login,search,btn_3,,
user_358,2025-03-25T06:42:45+09:00,2025-03-25,click,search,btn_1,,
user_447,2025-03-23T12:10:04+09:00,2025-03-23,login,product,btn_signup,,
user_180,2025-03-26T01:53:31+09:00,2025-03-26,click,search,btn_3,,
user_430,2025-03-01T20:19:17-05:00,2025-03-01,click,profile,btn_signup,,
user_328,2025-03-11T06:38:17+09:00,2025-03-11,click,home,btn_3,,
user_430,2025-03-11T09:02:06+09:00,2025-03-11,login,profile,btn_signup,,
user_253,2025-03-22T08:52:12+00:00,2025-03-22,click,search,btn_login,,
user_160,2025-03-25T16:57:33+00:00,2025-03-25,click,profile,btn_2,,
user_291,2025-03-07T11:38:41-08:00,2025-03-07,signup,profile,btn_signup,,
user_281,2025-03-18T09:49:28-06:00,2025-03-18,purchase,profile,btn_signup,104.55,USD
user_151,2025-03-06T22:06:03+00:00,2025-03-06,signup,home,btn_1,,
user_150,2025-03-28T12:26:55-04:00,2025-03-28,signup,home,btn_signup,,
user_348,2025-03-02T19:33:16+09:00,2025-03-02,purchase,search,btn_1,188.27,USD
user_264,2025-03-01T20:52:36+09:00,2025-03-01,click,search,btn_login,,
user_315,2025-03-29T15:18:44+00:00,2025-03-29,login,search,btn_2,,
user_117,2025-03-30T13:17:59-04:00,2025-03-30,click,home,btn_1,,
user_217,2025-03-28T09:56:06-07:00,2025-03-28,purchase,profile,btn_login,189.01,JPY
user_152,2025-03-10T20:05:18-04:00,2025-03-10,click,home,btn_1,,
user_149,2025-03-24T19:06:42+00:00,2025-03-24,purchase,product,btn_login,119.84,EUR
user_115,2025-03-19T00:05:08+09:00,2025-03-19,purchase,profile,btn_3,24.47,JPY
user_114,2025-03-03T11:33:05-07:00,2025-03-03,login,profile,btn_signup,,
user_137,2025-03-18T07:28:38-04:00,2025-03-18,login,product,btn_1,,
user_417,2025-03-18T09:58:09+00:00,2025-03-18,click,profile,btn_3,,
user_401,2025-03-09T03:30:36-04:00,2025-03-09,signup,profile,btn_1,,
user_297,2025-03-28T18:36:04-04:00,2025-03-28,signup,search,btn_2,,
user_195,2025-03-01T04:59:32-05:00,2025-03-01,purchase,home,btn_signup,176.99,USD
user_430,2025-03-06T04:45:44+00:00,2025-03-06,login,checkout,btn_signup,,
user_139,2025-03-16T19:19:44-07:00,2025-03-16,click,profile,btn_3,,
user_272,2025-03-14T22:48:37-04:00,2025-03-14,purchase,search,btn_signup,5.57,JPY
user_243,2025-03-15T11:43:25+09:00,2025-03-15,login,product,btn_signup,,
user_314,2025-03-13T14:29:44+00:00,2025-03-13,click,product,btn_3,,
user_177,2025-03-25T15:42:40-06:00,2025-03-25,login,checkout,btn_1,,
user_364,2025-03-22T06:10:41-07:00,2025-03-22,purchase,search,btn_3,146.23,JPY
user_454,2025-03-04T06:30:43-08:00,2025-03-04,signup,product,btn_3,,
user_104,2025-03-20T19:09:35+09:00,2025-03-20,login,search,btn_3,,
user_314,2025-03-12T21:50:58-07:00,2025-03-12,signup,home,btn_signup,,
user_423,2025-03-23T12:03:40+09:00,2025-03-23,signup,search,btn_signup,,
user_128,2025-03-22T09:10:28+09:00,2025-03-22,purchase,checkout,btn_3,96.26,EUR
user_214,2025-03-06T12:03:19-08:00,2025-03-06,click,home,btn_3,,
user_425,2025-03-06T03:43:43+09:00,2025-03-06,login,search,btn_signup,,
user_474,2025-03-22T06:46:34+09:00,2025-03-22,click,profile,btn_signup,,
user_494,2025-03-22T13:31:07-04:00,2025-03-22,login,checkout,btn_login,,
user_215,2025-03-21T00:25:52-07:00,2025-03-21,click,product,btn_1,,
user_150,2025-03-20T04:19:12+00:00,2025-03-20,click,search,btn_login,,
user_163,2025-03-10T21:22:50-06:00,2025-03-10,signup,search,btn_2,,
user_121,2025-03-12T11:30:50+09:00,2025-03-12,signup,home,btn_1,,
user_316,2025-03-07T07:06:29+09:00,2025-03-07,login,product,btn_3,,
user_500,2025-03-03T04:40:41+00:00,2025-03-03,signup,profile,btn_signup,,
user_257,2025-03-23T01:06:25-06:00,2025-03-23,login,product,btn_login,,
user_475,2025-03-05T08:24:18-08:00,2025-03-05,click,product,btn_login,,
user_172,2025-03-12T05:05:32+00:00,2025-03-12,click,profile,btn_1,,
user_109,2025-03-26T19:42:15-07:00,2025-03-26,click,home,btn_3,,
user_401,2025-03-13T22:49:36+00:00,2025-03-13,signup,product,btn_2,,
user_355,2025-03-18T18:43:51-06:00,2025-03-18,login,checkout,btn_2,,
user_225,2025-03-02T15:52:10-05:00,2025-03-02,purchase,checkout,btn_3,72.03,JPY
user_258,2025-03-16T17:27:07-07:00,2025-03-16,click,home,btn_login,,
user_426,2025-03-08T16:15:38-08:00,2025-03-08,click,search,btn_1,,
user_165,2025-03-03T11:39:40-07:00,2025-03-03,login,checkout,btn_2,,
user_286,2025-03-17T16:15:11-07:00,2025-03-17,signup,home,btn_2,,
user_459,2025-03-01T01:45:26-07:00,2025-03-01,login,product,btn_2,,
user_197,2025-03-13T13:29:41-07:00,2025-03-13,purchase,checkout,btn_1,149.13,USD
user_422,2025-03-23T11:14:14-04:00,2025-03-23,login,home,btn_2,,
user_311,2025-03-20T22:13:26-06:00,2025-03-20,click,search,btn_1,,
user_268,2025-03-09T05:23:33-07:00,2025-03-09,signup,profile,btn_3,,
user_400,2025-03-17T09:04:42+00:00,2025-03-17,login,profile,btn_2,,
user_119,2025-03-26T00:19:44-04:00,2025-03-26,click,home,btn_1,,
user_220,2025-03-17T09:16:35-07:00,2025-03-17,click,home,btn_signup,,
user_165,2025-03-27T00:29:43+09:00,2025-03-27,purchase,checkout,btn_login,188.82,EUR
user_399,2025-03-06T04:24:12-07:00,2025-03-06,signup,checkout,btn_1,,
user_330,2025-03-17T18:26:53-06:00,2025-03-17,login,home,btn_3,,
user_291,2025-03-27T01:34:23+09:00,2025-03-27,signup,product,btn_2,,
user_208,2025-03-04T00:55:43-07:00,2025-03-04,purchase,search,btn_login,36.85,EUR
user_160,2025-03-12T10:59:01+09:00,2025-03-12,click,home,btn_login,,
user_269,2025-03-11T13:38:56-06:00,2025-03-11,login,profile,btn_3,,
user_149,2025-03-01T05:28:28-05:00,2025-03-01,login,search,btn_1,,
user_430,2025-03-28T18:02:55-04:00,2025-03-28,click,product,btn_login,,
user_138,2025-03-10T22:04:01+09:00,2025-03-10,purchase,checkout,btn_signup,42.43,USD
user_384,2025-03-04T10:41:29+09:00,2025-03-04,click,product,btn_login,,
user_256,2025-03-20T20:51:18-04:00,2025-03-20,signup,checkout,btn_login,,
user_440,2025-03-26T00:37:51-06:00,2025-03-26,login,profile,btn_login,,
user_427,2025-03-26T01:24:45+09:00,2025-03-26,login,search,btn_1,,
user_350,2025-03-29T00:09:00+09:00,2025-03-29,purchase,checkout,btn_2,138.01,JPY
user_415,2025-03-09T23:46:50-04:00,2025-03-09,signup,home,btn_3,,
user_445,2025-03-12T19:00:32+00:00,2025-03-12,signup,home,btn_signup,,
user_260,2025-03-09T11:45:42+09:00,2025-03-09,login,home,btn_1,,
user_335,2025-03-15T07:12:39-04:00,2025-03-15,login,product,btn_2,,
user_304,2025-03-01T08:27:18-07:00,2025-03-01,click,product,btn_1,,
user_109,2025-03-07T03:15:32+00:00,2025-03-07,login,profile,btn_login,,
user_446,2025-03-19T21:09:49-06:00,2025-03-19,login,product,btn_login,,
user_158,2025-03-18T19:12:05+09:00,2025-03-18,login,search,btn_signup,,
user_363,2025-03-27T19:45:16+00:00,2025-03-27,signup,checkout,btn_1,,
user_326,2025-03-21T22:06:00-07:00,2025-03-21,purchase,profile,btn_3,41.3,USD
user_422,2025-03-03T15:46:09+00:00,2025-03-03,login,profile,btn_login,,
user_335,2025-03-06T01:43:48-07:00,2025-03-06,login,home,btn_3,,
user_497,2025-03-22T14:16:10-04:00,2025-03-22,signup,home,btn_login,,
user_273,2025-03-25T18:41:36-06:00,2025-03-25,click,product,btn_1,,
user_467,2025-03-19T05:03:51-06:00,2025-03-19,signup,home,btn_3,,
user_301,2025-03-09T03:52:32-07:00,2025-03-09,login,checkout,btn_3,,
user_452,2025-03-21T15:53:14+00:00,2025-03-21,login,product,btn_1,,
user_240,2025-03-03T22:04:46+09:00,2025-03-03,purchase,checkout,btn_1,140.22,EUR
user_183,2025-03-21T08:26:08-04:00,2025-03-21,login,home,btn_3,,
user_304,2025-03-07T04:25:21+00:00,2025-03-07,purchase,checkout,btn_3,88.03,USD
user_223,2025-03-17T18:27:14-06:00,2025-03-17,login,checkout,btn_1,,
user_267,2025-03-02T14:03:44+09:00,2025-03-02,signup,checkout,btn_signup,,
user_361,2025-03-16T00:10:06-06:00,2025-03-16,purchase,home,btn_1,145.57,USD
user_366,2025-03-26T10:03:40+00:00,2025-03-26,purchase,checkout,btn_1,124.81,EUR
user_183,2025-03-22T22:49:43+09:00,2025-03-22,login,profile,btn_2,,
user_325,2025-03-16T11:22:27-06:00,2025-03-16,signup,profile,btn_signup,,
user_105,2025-03-26T23:45:44-06:00,2025-03-26,purchase,search,btn_signup,56.96,JPY
user_388,2025-03-17T19:46:28-04:00,2025-03-17,purchase,home,btn_3,165.51,USD
user_340,2025-03-25T08:34:21+00:00,2025-03-25,login,product,btn_3,,
user_421,2025-03-13T09:36:53-06:00,2025-03-13,signup,search,btn_2,,
user_367,2025-03-26T21:41:38-04:00,2025-03-26,purchase,home,btn_signup,10.34,USD
user_331,2025-03-02T21:30:09-08:00,2025-03-02,click,home,btn_3,,
user_150,2025-03-29T16:54:25-04:00,2025-03-29,click,product,btn_2,,
user_282,2025-03-08T21:02:46+09:00,2025-03-08,login,checkout,btn_signup,,
user_476,2025-03-18T17:41:42-06:00,2025-03-18,signup,home,btn_signup,,
user_397,2025-03-06T06:22:24-08:00,2025-03-06,login,checkout,btn_2,,
user_358,2025-03-14T23:40:10-04:00,2025-03-14,signup,home,btn_1,,
user_212,2025-03-08T18:41:30-05:00,2025-03-08,click,profile,btn_login,,
user_475,2025-03-28T17:48:09+09:00,2025-03-28,signup,checkout,btn_2,,
user_422,2025-03-22T14:01:04-07:00,2025-03-22,click,profile,btn_login,,
user_213,2025-03-18T15:52:19-06:00,2025-03-18,login,search,btn_signup,,
user_465,2025-03-07T17:18:06-07:00,2025-03-07,signup,search,btn_login,,
user_174,2025-03-30T21:20:03-07:00,2025-03-30,click,home,btn_1,,
user_125,2025-03-27T05:59:18-07:00,2025-03-27,purchase,home,btn_signup,171.33,JPY
user_223,2025-03-29T06:57:32-07:00,2025-03-29,login,search,btn_1,,
user_459,2025-03-28T16:38:13-04:00,2025-03-28,purchase,product,btn_1,159.38,EUR
user_264,2025-03-26T20:54:43-06:00,2025-03-26,click,product,btn_signup,,
user_340,2025-03-15T08:35:50+09:00,2025-03-15,login,profile,btn_1,,
user_234,2025-03-08T10:30:40-05:00,2025-03-08,purchase,home,btn_1,145.67,EUR
user_274,2025-03-17T08:31:07+00:00,2025-03-17,purchase,home,btn_3,71.83,USD
user_325,2025-03-22T20:11:32-06:00,2025-03-22,click,search,btn_3,,
user_298,2025-03-22T18:12:13-06:00,2025-03-22,click,search,btn_login,,
user_430,2025-03-08T11:14:46+09:00,2025-03-08,signup,search,btn_2,,
user_165,2025-03-27T23:02:38+00:00,2025-03-27,signup,home,btn_signup,,
user_317,2025-03-06T20:52:45-08:00,2025-03-06,signup,home,btn_login,,
user_280,2025-03-26T20:39:19-06:00,2025-03-26,login,checkout,btn_login,,
user_438,2025-03-25T17:17:37-04:00,2025-03-25,purchase,search,btn_2,157.54,USD
user_268,2025-03-25T16:01:19+09:00,2025-03-25,login,checkout,btn_2,,
user_199,2025-03-11T19:16:07-06:00,2025-03-11,login,profile,btn_3,,
user_474,2025-03-06T11:35:32+09:00,2025-03-06,purchase,profile,btn_login,147.53,EUR
user_180,2025-03-12T03:49:52-06:00,2025-03-12,login,product,btn_signup,,
user_182,2025-03-23T14:10:44-06:00,2025-03-23,purchase,home,btn_login,43.74,USD
user_156,2025-03-07T16:39:27-07:00,2025-03-07,signup,checkout,btn_login,,
user_141,2025-03-01T01:04:02-07:00,2025-03-01,signup,checkout,btn_3,,
user_256,2025-03-19T08:16:12-06:00,2025-03-19,login,product,btn_1,,
user_351,2025-03-30T01:23:30-06:00,2025-03-30,login,search,btn_signup,,
user_238,2025-03-19T17:00:54+09:00,2025-03-19,signup,checkout,btn_2,,
user_305,2025-03-08T01:17:38+00:00,2025-03-08,signup,search,btn_login,,
user_316,2025-03-19T01:21:36-04:00,2025-03-19,login,product,btn_1,,
user_129,2025-03-22T11:49:03+00:00,2025-03-22,login,home,btn_login,,
user_326,2025-03-08T12:56:15-08:00,2025-03-08,click,profile,btn_signup,,
user_358,2025-03-28T01:06:57-07:00,2025-03-28,click,home,btn_login,,
user_326,2025-03-20T02:45:45-06:00,2025-03-20,login,home,btn_2,,
user_311,2025-03-23T19:19:09-06:00,2025-03-23,login,home,btn_1,,
user_275,2025-03-15T09:47:44+00:00,2025-03-15,click,search,btn_3,,
user_247,2025-03-07T21:40:50+09:00,2025-03-07,signup,product,btn_1,,
user_357,2025-03-11T17:02:58+00:00,2025-03-11,click,home,btn_login,,
user_227,2025-03-04T07:03:09-08:00,2025-03-04,click,search,btn_1,,
user_269,2025-03-01T20:40:14+00:00,2025-03-01,signup,home,btn_login,,
user_106,2025-03-17T11:45:43-04:00,2025-03-17,login,product,btn_1,,
user_217,2025-03-05T02:57:19-08:00,2025-03-05,click,profile,btn_1,,
user_443,2025-03-05T06:15:52+09:00,2025-03-05,login,home,btn_login,,
user_359,2025-03-26T07:15:15+09:00,2025-03-26,signup,home,btn_3,,
user_350,2025-03-05T09:24:52-08:00,2025-03-05,click,search,btn_login,,
user_107,2025-03-12T08:53:36-07:00,2025-03-12,login,search,btn_signup,,
user_106,2025-03-09T06:00:46+00:00,2025-03-09,signup,checkout,btn_login,,
user_204,2025-03-17T02:18:46-04:00,2025-03-17,login,profile,btn_3,,
user_363,2025-03-26T03:03:16+09:00,2025-03-26,login,profile,btn_1,,
user_260,2025-03-04T21:58:28+00:00,2025-03-04,signup,checkout,btn_signup,,
user_418,2025-03-25T23:12:45-06:00,2025-03-25,login,product,btn_1,,
user_445,2025-03-06T19:31:44-07:00,2025-03-06,click,product,btn_2,,
user_130,2025-03-09T16:50:16+09:00,2025-03-09,purchase,product,btn_signup,31.48,USD
user_438,2025-03-06T01:53:07-08:00,2025-03-06,login,profile,btn_3,,
user_118,2025-03-14T23:19:17-04:00,2025-03-14,signup,product,btn_1,,
user_447,2025-03-04T13:42:52+00:00,2025-03-04,click,product,btn_2,,
user_221,2025-03-28T21:15:08-06:00,2025-03-28,purchase,product,btn_1,55.87,USD
user_232,2025-03-16T05:15:17-04:00,2025-03-16,signup,profile,btn_2,,
user_283,2025-03-18T00:51:25-04:00,2025-03-18,signup,search,btn_1,,
user_473,2025-03-28T12:57:54+00:00,2025-03-28,click,search,btn_1,,
user_485,2025-03-06T05:36:13-08:00,2025-03-06,login,profile,btn_1,,
user_405,2025-03-19T13:51:49+09:00,2025-03-19,login,product,btn_1,,
user_181,2025-03-10T14:29:08+00:00,2025-03-10,signup,search,btn_signup,,
user_378,2025-03-27T02:15:23-04:00,2025-03-27,login,search,btn_1,,
user_237,2025-03-17T11:21:54-04:00,2025-03-17,signup,profile,btn_signup,,
user_395,2025-03-30T08:59:56+01:00,2025-03-30,login,profile,btn_3,,
user_462,2025-03-30T14:34:17-04:00,2025-03-30,login,home,btn_login,,
user_207,2025-03-27T06:31:31-07:00,2025-03-27,purchase,profile,btn_1,102.47,USD
user_293,2025-03-24T13:44:28-06:00,2025-03-24,login,home,btn_2,,
user_159,2025-03-22T13:52:36+00:00,2025-03-22,signup,checkout,btn_signup,,
user_288,2025-03-23T22:57:14-04:00,2025-03-23,click,home,btn_login,,
user_341,2025-03-30T18:36:59-04:00,2025-03-30,click,profile,btn_1,,
user_237,2025-03-28T11:20:42+09:00,2025-03-28,click,checkout,btn_2,,
user_265,2025-03-28T19:53:11-07:00,2025-03-28,click,home,btn_3,,
user_249,2025-03-20T07:11:15+00:00,2025-03-20,signup,checkout,btn_1,,
user_134,2025-03-26T01:49:52+09:00,2025-03-26,purchase,search,btn_signup,142.63,EUR
user_294,2025-03-12T23:49:43-06:00,2025-03-12,purchase,profile,btn_3,70.47,JPY
user_480,2025-03-18T20:35:01-04:00,2025-03-18,login,product,btn_signup,,
user_107,2025-03-15T06:11:20-07:00,2025-03-15,signup,search,btn_3,,
user_173,2025-03-01T19:56:04-08:00,2025-03-01,click,home,btn_login,,
user_435,2025-03-16T04:26:44-04:00,2025-03-16,purchase,search,btn_1,184.43,JPY
user_500,2025-03-09T19:54:22+09:00,2025-03-09,click,home,btn_1,,
user_410,2025-03-13T13:25:45-06:00,2025-03-13,click,checkout,btn_1,,
user_423,2025-03-06T12:32:37+00:00,2025-03-06,signup,profile,btn_3,,
user_445,2025-03-17T07:11:20+00:00,2025-03-17,click,home,btn_3,,
user_125,2025-03-24T23:42:07-04:00,2025-03-24,signup,profile,btn_3,,
user_264,2025-03-20T18:17:22+00:00,2025-03-20,purchase,home,btn_login,192.44,USD
user_121,2025-03-12T02:55:00-07:00,2025-03-12,purchase,home,btn_login,108.19,USD
user_296,2025-03-05T04:43:55-05:00,2025-03-05,login,checkout,btn_2,,
user_222,2025-03-01T11:00:52+00:00,2025-03-01,purchase,search,btn_signup,14.7,JPY
user_232,2025-03-05T16:20:55-05:00,2025-03-05,signup,search,btn_signup,,
user_304,2025-03-04T01:02:40-05:00,2025-03-04,purchase,profile,btn_signup,52.94,USD
user_327,2025-03-27T12:17:56+00:00,2025-03-27,signup,search,btn_2,,
user_200,2025-03-08T00:39:52-05:00,2025-03-08,click,home,btn_1,,
user_371,2025-03-23T06:22:23-04:00,2025-03-23,login,profile,btn_1,,
user_430,2025-03-25T15:19:38-04:00,2025-03-25,login,product,btn_signup,,
user_287,2025-03-05T20:29:47-08:00,2025-03-05,signup,checkout,btn_1,,
user_273,2025-03-10T05:46:04-06:00,2025-03-10,login,home,btn_2,,
user_486,2025-03-14T16:32:29-07:00,2025-03-14,login,search,btn_2,,
user_141,2025-03-28T02:12:36-04:00,2025-03-28,purchase,home,btn_2,133.33,JPY
user_492,2025-03-07T10:31:48-05:00,2025-03-07,purchase,home,btn_2,165.62,USD
user_323,2025-03-16T12:24:59+00:00,2025-03-16,signup,checkout,btn_1,,
user_109,2025-03-20T15:15:22-06:00,2025-03-20,signup,checkout,btn_login,,
user_152,2025-03-12T05:41:51+09:00,2025-03-12,purchase,checkout,btn_login,144.44,EUR
user_299,2025-03-07T23:44:18-07:00,2025-03-07,purchase,product,btn_login,124.31,JPY
user_229,2025-03-18T01:02:48-07:00,2025-03-18,purchase,checkout,btn_3,119.24,USD
user_215,2025-03-24T22:13:08+09:00,2025-03-24,purchase,checkout,btn_login,156.78,USD
user_371,2025-03-13T07:40:04+09:00,2025-03-13,signup,checkout,btn_1,,
user_248,2025-03-12T00:32:04-06:00,2025-03-12,click,product,btn_login,,
user_186,2025-03-08T19:16:27+00:00,2025-03-08,signup,profile,btn_login,,
user_340,2025-03-07T21:30:26+09:00,2025-03-07,click,search,btn_login,,
user_125,2025-03-12T11:16:48-04:00,2025-03-12,signup,profile,btn_1,,
user_439,2025-03-16T23:34:28+00:00,2025-03-16,click,home,btn_signup,,
user_465,2025-03-12T15:01:21+00:00,2025-03-12,click,home,btn_signup,,
user_496,2025-03-26T22:54:51+09:00,2025-03-26,click,checkout,btn_2,,
user_364,2025-03-03T00:41:06-07:00,2025-03-03,purchase,checkout,btn_3,6.28,EUR
user_228,2025-03-15T09:33:36-07:00,2025-03-15,click,home,btn_3,,
user_363,2025-03-28T08:46:46+09:00,2025-03-28,purchase,product,btn_2,111.13,USD
user_333,2025-03-12T09:25:27+00:00,2025-03-12,purchase,product,btn_signup,181.83,EUR
user_430,2025-03-15T18:37:42+00:00,2025-03-15,signup,checkout,btn_login,,
user_227,2025-03-27T04:53:14-07:00,2025-03-27,purchase,search,btn_2,132.61,EUR
user_109,2025-03-07T00:02:24-08:00,2025-03-07,signup,search,btn_3,,
user_381,2025-03-25T09:13:43-07:00,2025-03-25,signup,search,btn_signup,,
user_155,2025-03-01T03:14:16-05:00,2025-03-01,signup,profile,btn_2,,
user_346,2025-03-09T17:18:38-06:00,2025-03-09,login,search,btn_1,,
user_121,2025-03-10T06:53:38-04:00,2025-03-10,login,home,btn_login,,
user_423,2025-03-12T05:08:13+09:00,2025-03-12,click,home,btn_1,,
user_199,2025-03-23T12:57:04-07:00,2025-03-23,purchase,search,btn_signup,64.95,USD
user_348,2025-03-25T23:51:18+00:00,2025-03-25,purchase,search,btn_1,176.48,JPY
user_199,2025-03-09T08:25:42+00:00,2025-03-09,signup,product,btn_3,,
user_448,2025-03-23T13:47:50-06:00,2025-03-23,click,home,btn_2,,
user_481,2025-03-21T10:15:32-06:00,2025-03-21,login,profile,btn_1,,
user_418,2025-03-02T07:05:03+09:00,2025-03-02,purchase,search,btn_3,188.78,JPY
user_484,2025-03-30T17:11:37-04:00,2025-03-30,login,checkout,btn_signup,,
user_218,2025-03-13T03:42:04+00:00,2025-03-13,signup,checkout,btn_login,,
user_365,2025-03-27T16:44:21-04:00,2025-03-27,login,search,btn_signup,,
user_348,2025-03-29T12:17:38-06:00,2025-03-29,login,search,btn_2,,
user_207,2025-03-29T20:11:51-06:00,2025-03-29,login,profile,btn_3,,
user_436,2025-03-23T12:24:26-04:00,2025-03-23,signup,product,btn_1,,
user_200,2025-03-05T05:19:16+00:00,2025-03-05,click,profile,btn_signup,,
user_206,2025-03-25T01:19:11-06:00,2025-03-25,login,home,btn_3,,
user_472,2025-03-25T23:45:29-06:00,2025-03-25,purchase,home,btn_2,63.48,JPY
user_386,2025-03-24T16:45:21+00:00,2025-03-24,click,profile,btn_2,,
user_287,2025-03-11T05:24:37-06:00,2025-03-11,click,profile,btn_3,,
user_316,2025-03-27T16:30:01+09:00,2025-03-27,login,search,btn_2,,
user_288,2025-03-20T23:38:57+09:00,2025-03-20,login,home,btn_signup,,
user_256,2025-03-30T07:46:13-04:00,2025-03-30,login,product,btn_signup,,
user_155,2025-03-22T13:19:48+09:00,2025-03-22,click,product,btn_1,,
user_129,2025-03-25T07:55:01-04:00,2025-03-25,login,profile,btn_3,,
user_113,2025-03-06T22:22:40-07:00,2025-03-06,click,checkout,btn_login,,
user_384,2025-03-04T10:53:56+09:00,2025-03-04,login,product,btn_signup,,
user_397,2025-03-22T06:22:13-06:00,2025-03-22,purchase,product,btn_3,97.52,EUR
user_296,2025-03-08T03:31:54+09:00,2025-03-08,purchase,checkout,btn_login,189.48,JPY
user_499,2025-03-08T09:47:07+09:00,2025-03-08,signup,product,btn_login,,
user_155,2025-03-17T02:30:40-06:00,2025-03-17,login,home,btn_signup,,
user_355,2025-03-25T03:05:32-06:00,2025-03-25,signup,profile,btn_3,,
user_291,2025-03-05T01:26:53-07:00,2025-03-05,purchase,profile,btn_1,121.76,EUR
user_276,2025-03-17T04:14:41+00:00,2025-03-17,login,product,btn_login,,
user_343,2025-03-28T07:28:31+00:00,2025-03-28,signup,home,btn_3,,
user_158,2025-03-13T04:49:19-04:00,2025-03-13,login,search,btn_2,,
user_481,2025-03-30T17:39:40-04:00,2025-03-30,click,product,btn_3,,
user_234,2025-03-11T23:34:40+00:00,2025-03-11,click,profile,btn_login,,
user_154,2025-03-04T11:26:30+09:00,2025-03-04,signup,product,btn_login,,
user_462,2025-03-04T23:27:34-07:00,2025-03-04,login,search,btn_login,,
user_126,2025-03-10T01:52:44-04:00,2025-03-10,login,profile,btn_login,,
user_277,2025-03-15T01:52:54-04:00,2025-03-15,purchase,checkout,btn_login,91.14,JPY
user_487,2025-03-17T10:58:58+00:00,2025-03-17,click,checkout,btn_signup,,
user_386,2025-03-15T02:12:50-04:00,2025-03-15,click,search,btn_1,,
user_366,2025-03-24T13:20:34+09:00,2025-03-24,login,checkout,btn_1,,
user_345,2025-03-20T19:37:52-04:00,2025-03-20,login,search,btn_1,,
user_109,2025-03-09T12:56:49-04:00,2025-03-09,signup,profile,btn_2,,
user_488,2025-03-15T17:19:57+09:00,2025-03-15,purchase,checkout,btn_1,72.73,EUR
user_148,2025-03-11T06:58:50+09:00,2025-03-11,purchase,checkout,btn_2,68.6,JPY
user_492,2025-03-14T01:21:59-06:00,2025-03-14,purchase,home,btn_signup,32.21,USD
user_454,2025-03-01T15:41:37+00:00,2025-03-01,purchase,home,btn_3,16.41,EUR
user_104,2025-03-15T13:38:03-06:00,2025-03-15,click,search,btn_1,,
user_369,2025-03-07T08:34:02-08:00,2025-03-07,signup,search,btn_1,,
user_306,2025-03-24T16:15:19+00:00,2025-03-24,login,profile,btn_3,,
user_480,2025-03-25T22:40:47-07:00,2025-03-25,click,home,btn_signup,,
user_412,2025-03-07T16:58:32-07:00,2025-03-07,login,checkout,btn_1,,
user_173,2025-03-26T04:04:02+09:00,2025-03-26,purchase,home,btn_3,11.44,JPY
user_142,2025-03-04T09:30:07+00:00,2025-03-04,click,profile,btn_2,,
user_313,2025-03-04T03:49:28-05:00,2025-03-04,signup,product,btn_signup,,
user_254,2025-03-07T04:49:08-08:00,2025-03-07,signup,search,btn_signup,,
user_332,2025-03-06T01:56:12-07:00,2025-03-06,login,profile,btn_1,,
user_152,2025-03-23T17:45:46-07:00,2025-03-23,click,product,btn_login,,
user_334,2025-03-16T21:29:05-04:00,2025-03-16,signup,home,btn_2,,
user_174,2025-03-05T18:54:01-05:00,2025-03-05,signup,profile,btn_1,,
user_316,2025-03-25T09:15:23-04:00,2025-03-25,signup,home,btn_signup,,
user_305,2025-03-03T14:00:36-07:00,2025-03-03,signup,checkout,btn_signup,,
user_486,2025-03-14T06:44:57-07:00,2025-03-14,purchase,home,btn_1,42.22,EUR
user_261,2025-03-12T09:51:56-06:00,2025-03-12,login,search,btn_2,,
user_285,2025-03-20T00:28:42-07:00,2025-03-20,purchase,profile,btn_3,79.45,JPY
user_152,2025-03-26T10:47:31+09:00,2025-03-26,login,product,btn_login,,
user_347,2025-03-15T20:23:28-04:00,2025-03-15,purchase,home,btn_3,138.21,EUR
user_209,2025-03-18T02:19:07-04:00,2025-03-18,purchase,checkout,btn_login,110.38,USD
user_468,2025-03-06T09:30:19-05:00,2025-03-06,click,product,btn_login,,
user_499,2025-03-01T06:20:15-05:00,2025-03-01,click,checkout,btn_3,,
user_153,2025-03-28T18:43:00+09:00,2025-03-28,signup,product,btn_3,,
user_488,2025-03-05T19:28:33-05:00,2025-03-05,login,home,btn_3,,
user_194,2025-03-11T04:37:50+09:00,2025-03-11,purchase,product,btn_1,174.94,USD
user_252,2025-03-19T16:19:18+09:00,2025-03-19,signup,home,btn_2,,
user_290,2025-03-19T00:10:24+00:00,2025-03-19,purchase,search,btn_login,143.12,USD
user_180,2025-03-13T18:12:21+09:00,2025-03-13,login,checkout,btn_3,,
user_499,2025-03-18T06:38:31+00:00,2025-03-18,click,search,btn_2,,
user_131,2025-03-21T03:37:29-07:00,2025-03-21,click,home,btn_3,,
user_273,2025-03-24T16:40:01+00:00,2025-03-24,signup,search,btn_3,,
user_488,2025-03-12T06:18:11-06:00,2025-03-12,signup,search,btn_signup,,
user_103,2025-03-14T20:40:36+00:00,2025-03-14,purchase,search,btn_1,174.18,USD
user_436,2025-03-15T06:22:37-06:00,2025-03-15,click,checkout,btn_2,,
user_368,2025-03-24T12:57:43+09:00,2025-03-24,signup,home,btn_signup,,
user_169,2025-03-18T00:07:06-07:00,2025-03-18,click,product,btn_3,,
user_339,2025-03-21T04:02:33+09:00,2025-03-21,purchase,search,btn_1,199.15,JPY
user_462,2025-03-04T11:15:08+00:00,2025-03-04,purchase,checkout,btn_2,152.52,EUR
user_118,2025-03-21T17:11:32+09:00,2025-03-21,login,home,btn_signup,,
user_215,2025-03-20T15:02:45+00:00,2025-03-20,purchase,checkout,btn_1,139.98,EUR
user_267,2025-03-24T02:30:51-06:00,2025-03-24,purchase,home,btn_signup,187.34,JPY
user_498,2025-03-02T18:48:59+00:00,2025-03-02,click,checkout,btn_1,,
user_251,2025-03-13T07:56:14-04:00,2025-03-13,login,search,btn_login,,
user_222,2025-03-13T17:55:14-07:00,2025-03-13,login,checkout,btn_2,,
user_222,2025-03-15T20:32:19+09:00,2025-03-15,purchase,checkout,btn_signup,48.2,USD
user_449,2025-03-28T09:56:55-07:00,2025-03-28,click,search,btn_1,,
user_102,2025-03-11T22:37:53+00:00,2025-03-11,login,product,btn_2,,
user_383,2025-03-07T09:40:23-08:00,2025-03-07,click,product,btn_3,,
user_490,2025-03-28T17:42:05-04:00,2025-03-28,click,search,btn_2,,
user_146,2025-03-02T10:00:28-08:00,2025-03-02,click,product,btn_2,,
user_486,2025-03-29T06:00:57-06:00,2025-03-29,signup,product,btn_signup,,
user_266,2025-03-10T18:12:12-07:00,2025-03-10,purchase,search,btn_3,13.12,JPY
user_490,2025-03-01T19:11:54-05:00,2025-03-01,click,checkout,btn_2,,
user_493,2025-03-11T22:46:39-04:00,2025-03-11,click,checkout,btn_2,,
user_303,2025-03-15T01:25:05-07:00,2025-03-15,login,checkout,btn_login,,
user_253,2025-03-09T11:05:32+09:00,2025-03-09,signup,search,btn_1,,
user_171,2025-03-16T03:29:08+09:00,2025-03-16,purchase,product,btn_2,72.42,EUR
user_346,2025-03-28T07:42:53-06:00,2025-03-28,login,product,btn_1,,
user_170,2025-03-28T06:23:18-04:00,2025-03-28,login,product,btn_signup,,
user_267,2025-03-21T21:37:29-07:00,2025-03-21,purchase,product,btn_login,68.28,JPY
user_177,2025-03-27T23:03:26+00:00,2025-03-27,login,profile,btn_2,,
user_287,2025-03-26T20:42:40+09:00,2025-03-26,click,home,btn_2,,
user_280,2025-03-16T00:32:33+09:00,2025-03-16,signup,profile,btn_1,,
user_297,2025-03-25T07:00:08-04:00,2025-03-25,login,product,btn_1,,
user_325,2025-03-13T13:50:02+09:00,2025-03-13,purchase,home,btn_signup,78.73,USD
user_392,2025-03-09T03:33:46+09:00,2025-03-09,purchase,product,btn_2,123.59,USD
user_316,2025-03-10T11:01:53-04:00,2025-03-10,signup,profile,btn_signup,,
user_290,2025-03-30T13:27:34+09:00,2025-03-30,signup,profile,btn_3,,
user_229,2025-03-24T15:28:36+00:00,2025-03-24,signup,profile,btn_1,,
user_423,2025-03-29T03:09:33-04:00,2025-03-29,signup,home,btn_3,,
user_357,2025-03-09T04:43:31-04:00,2025-03-09,signup,checkout,btn_login,,
user_338,2025-03-25T08:12:53-04:00,2025-03-25,login,checkout,btn_3,,
user_380,2025-03-27T06:33:35-04:00,2025-03-27,click,home,btn_2,,
user_312,2025-03-02T23:23:37+00:00,2025-03-02,signup,product,btn_signup,,
user_482,2025-03-13T00:22:17-07:00,2025-03-13,purchase,profile,btn_3,113.49,JPY
user_500,2025-03-01T03:30:04-08:00,2025-03-01,click,search,btn_login,,
user_473,2025-03-25T19:13:04+00:00,2025-03-25,purchase,home,btn_login,64.81,USD
user_284,2025-03-13T18:43:29+09:00,2025-03-13,purchase,profile,btn_signup,90.28,EUR
user_181,2025-03-22T05:15:24-06:00,2025-03-22,purchase,home,btn_2,104.28,EUR
user_374,2025-03-13T16:40:18-06:00,2025-03-13,signup,checkout,btn_signup,,
user_432,2025-03-10T08:48:34+00:00,2025-03-10,signup,home,btn_login,,
user_174,2025-03-20T15:48:22-07:00,2025-03-20,login,checkout,btn_signup,,
user_305,2025-03-16T21:19:28-04:00,2025-03-16,login,checkout,btn_signup,,
user_333,2025-03-05T05:58:47-07:00,2025-03-05,login,home,btn_2,,
user_355,2025-03-01T07:29:36-08:00,2025-03-01,login,search,btn_login,,
user_274,2025-03-17T11:42:16-06:00,2025-03-17,login,product,btn_1,,
user_391,2025-03-17T12:35:00-07:00,2025-03-17,login,product,btn_3,,
user_113,2025-03-10T06:21:23-04:00,2025-03-10,login,profile,btn_signup,,
user_462,2025-03-07T07:34:58-07:00,2025-03-07,click,home,btn_1,,
user_253,2025-03-11T18:00:53-06:00,2025-03-11,login,home,btn_3,,
user_192,2025-03-16T14:45:05-07:00,2025-03-16,click,checkout,btn_3,,
user_430,2025-03-30T19:21:09+09:00,2025-03-30,purchase,checkout,btn_2,168.96,JPY
user_403,2025-03-07T05:13:30+09:00,2025-03-07,login,home,btn_3,,
user_115,2025-03-12T20:13:35-07:00,2025-03-12,login,checkout,btn_3,,
user_366,2025-03-02T04:15:26-08:00,2025-03-02,login,checkout,btn_2,,
user_219,2025-03-02T01:02:00+09:00,2025-03-02,click,checkout,btn_1,,
user_119,2025-03-18T13:51:17-06:00,2025-03-18,login,profile,btn_signup,,
user_476,2025-03-17T09:36:13+00:00,2025-03-17,purchase,checkout,btn_signup,137.25,JPY
user_367,2025-03-15T11:39:19-06:00,2025-03-15,purchase,profile,btn_3,97.51,USD
user_461,2025-03-25T05:04:21-04:00,2025-03-25,purchase,checkout,btn_signup,183.92,USD
user_155,2025-03-19T10:36:09-06:00,2025-03-19,signup,product,btn_1,,
user_320,2025-03-01T18:59:28+09:00,2025-03-01,purchase,home,btn_3,11.59,EUR
user_189,2025-03-20T06:35:57+09:00,2025-03-20,purchase,profile,btn_3,33.51,JPY
user_306,2025-03-22T16:42:05-06:00,2025-03-22,click,search,btn_1,,
user_488,2025-03-27T03:21:03-04:00,2025-03-27,purchase,home,btn_2,168.39,EUR
user_163,2025-03-13T10:28:16-04:00,2025-03-13,purchase,product,btn_3,157.36,EUR
user_196,2025-03-25T19:55:21-06:00,2025-03-25,purchase,search,btn_login,16.07,EUR
user_250,2025-03-06T04:43:29+09:00,2025-03-06,login,search,btn_1,,
user_391,2025-03-02T14:12:03-05:00,2025-03-02,signup,checkout,btn_2,,
user_135,2025-03-22T06:08:05+00:00,2025-03-22,click,search,btn_1,,
user_232,2025-03-16T19:49:40-07:00,2025-03-16,purchase,checkout,btn_3,128.76,USD
user_206,2025-03-07T00:42:58+09:00,2025-03-07,login,product,btn_signup,,
user_405,2025-03-27T05:14:30+00:00,2025-03-27,purchase,product,btn_signup,57.04,USD
user_311,2025-03-12T19:30:13-04:00,2025-03-12,signup,home,btn_1,,
user_441,2025-03-01T11:04:12-05:00,2025-03-01,signup,profile,btn_3,,
user_350,2025-03-05T14:18:25+09:00,2025-03-05,purchase,profile,btn_1,194.16,EUR
user_436,2025-03-18T05:09:01-06:00,2025-03-18,login,search,btn_1,,
user_252,2025-03-21T02:20:38+00:00,2025-03-21,click,product,btn_signup,,
user_316,2025-03-01T09:39:13+00:00,2025-03-01,click,home,btn_signup,,
user_124,2025-03-12T23:41:02-04:00,2025-03-12,click,checkout,btn_1,,
user_171,2025-03-13T01:36:39+09:00,2025-03-13,purchase,product,btn_2,55.71,EUR
user_116,2025-03-29T19:09:22+00:00,2025-03-29,purchase,product,btn_1,182.86,JPY
user_440,2025-03-17T19:58:12-07:00,2025-03-17,click,checkout,btn_1,,
user_148,2025-03-22T14:39:55+09:00,2025-03-22,login,search,btn_2,,
user_402,2025-03-14T19:52:21-04:00,2025-03-14,login,search,btn_1,,
user_150,2025-03-05T20:15:13-07:00,2025-03-05,login,search,btn_signup,,
user_141,2025-03-09T23:16:09+00:00,2025-03-09,click,checkout,btn_signup,,
user_395,2025-03-04T23:01:36-07:00,2025-03-04,purchase,home,btn_login,152.57,EUR
user_309,2025-03-01T11:12:56-05:00,2025-03-01,click,search,btn_2,,
user_146,2025-03-11T21:31:58-06:00,2025-03-11,purchase,search,btn_login,130.63,JPY
user_385,2025-03-09T08:08:59-06:00,2025-03-09,signup,product,btn_signup,,
user_172,2025-03-01T23:19:46-08:00,2025-03-01,signup,checkout,btn_2,,
user_203,2025-03-08T02:23:06+09:00,2025-03-08,click,product,btn_1,,
user_345,2025-03-01T09:44:24+00:00,2025-03-01,purchase,search,btn_login,135.22,JPY
user_316,2025-03-08T18:07:47-07:00,2025-03-08,purchase,home,btn_login,157.65,EUR
user_325,2025-03-12T07:28:26-06:00,2025-03-12,signup,home,btn_3,,
user_214,2025-03-08T14:21:13-05:00,2025-03-08,login,search,btn_login,,
user_117,2025-03-13T05:49:14-07:00,2025-03-13,purchase,search,btn_3,112.26,USD
user_323,2025-03-16T05:24:31-04:00,2025-03-16,login,home,btn_1,,
user_304,2025-03-25T18:10:30+00:00,2025-03-25,signup,search,btn_login,,
user_201,2025-03-16T02:41:44-06:00,2025-03-16,click,profile,btn_signup,,
user_354,2025-03-11T01:33:11+09:00,2025-03-11,login,search,btn_2,,
user_368,2025-03-07T03:26:12-05:00,2025-03-07,purchase,profile,btn_login,71.97,EUR
user_314,2025-03-10T14:33:12-07:00,2025-03-10,signup,search,btn_2,,
user_426,2025-03-25T16:50:44-07:00,2025-03-25,click,home,btn_2,,
user_391,2025-03-30T11:52:19-07:00,2025-03-30,click,home,btn_3,,
user_271,2025-03-04T06:32:17-07:00,2025-03-04,purchase,search,btn_1,115.95,USD
user_197,2025-03-06T23:46:54-07:00,2025-03-06,login,product,btn_login,,
user_244,2025-03-28T05:35:56-06:00,2025-03-28,click,profile,btn_3,,
user_113,2025-03-08T09:51:37+00:00,2025-03-08,click,search,btn_2,,
user_187,2025-03-12T07:54:26+00:00,2025-03-12,signup,search,btn_2,,
user_301,2025-03-01T13:41:46+00:00,2025-03-01,signup,home,btn_signup,,
user_116,2025-03-07T06:21:13-08:00,2025-03-07,click,home,btn_signup,,
user_444,2025-03-26T11:00:46+00:00,2025-03-26,signup,search,btn_login,,
user_359,2025-03-02T06:02:07-05:00,2025-03-02,login,profile,btn_signup,,
user_165,2025-03-08T02:32:05+00:00,2025-03-08,purchase,home,btn_1,87.3,JPY
user_265,2025-03-07T08:13:33-08:00,2025-03-07,click,checkout,btn_login,,
user_285,2025-03-18T14:02:09+09:00,2025-03-18,login,product,btn_3,,
user_264,2025-03-26T09:21:22+00:00,2025-03-26,login,profile,btn_login,,
user_200,2025-03-11T12:35:44+00:00,2025-03-11,purchase,search,btn_2,19.09,EUR
user_416,2025-03-30T11:04:06-07:00,2025-03-30,signup,home,btn_1,,
user_439,2025-03-05T19:55:36+00:00,2025-03-05,purchase,home,btn_signup,176.2,JPY
user_359,2025-03-04T17:34:33-07:00,2025-03-04,click,home,btn_login,,
user_202,2025-03-14T05:55:11-06:00,2025-03-14,click,product,btn_2,,
user_263,2025-03-10T18:50:51-07:00,2025-03-10,signup,home,btn_2,,
user_488,2025-03-23T04:43:47-06:00,2025-03-23,click,product,btn_login,,
user_293,2025-03-24T20:25:07+00:00,2025-03-24,login,checkout,btn_1,,
user_155,2025-03-11T04:10:07-04:00,2025-03-11,signup,checkout,btn_signup,,
user_240,2025-03-22T19:03:35-04:00,2025-03-22,click,checkout,btn_2,,
user_283,2025-03-07T13:07:30-08:00,2025-03-07,signup,profile,btn_1,,
user_289,2025-03-02T00:25:38-05:00,2025-03-02,signup,profile,btn_1,,
user_334,2025-03-22T14:46:10+00:00,2025-03-22,click,profile,btn_1,,
user_108,2025-03-23T08:51:03+09:00,2025-03-23,login,checkout,btn_1,,
user_198,2025-03-08T12:11:25+00:00,2025-03-08,click,checkout,btn_login,,
user_419,2025-03-27T09:14:04-06:00,2025-03-27,purchase,product,btn_3,176.03,USD
user_241,2025-03-24T20:17:37+00:00,2025-03-24,purchase,home,btn_3,102.49,EUR
user_399,2025-03-29T22:52:34+00:00,2025-03-29,click,search,btn_3,,
user_272,2025-03-05T00:00:29+00:00,2025-03-05,login,search,btn_1,,
user_138,2025-03-22T14:50:52+09:00,2025-03-22,click,profile,btn_2,,
user_267,2025-03-22T05:51:45+09:00,2025-03-22,purchase,search,btn_login,102.71,USD
user_497,2025-03-28T11:04:42-07:00,2025-03-28,login,product,btn_login,,
user_150,2025-03-17T09:14:28-06:00,2025-03-17,click,home,btn_signup,,
user_333,2025-03-21T14:47:44+09:00,2025-03-21,purchase,product,btn_2,128.1,EUR
user_399,2025-03-20T00:02:00-06:00,2025-03-20,purchase,product,btn_2,132.43,JPY
user_143,2025-03-22T18:05:21-07:00,2025-03-22,click,profile,btn_1,,
user_498,2025-03-05T19:15:50+09:00,2025-03-05,purchase,product,btn_1,34.43,USD
user_161,2025-03-30T06:59:00-04:00,2025-03-30,signup,search,btn_login,,
user_421,2025-03-09T23:12:18-04:00,2025-03-09,login,checkout,btn_signup,,
user_347,2025-03-25T10:08:05-06:00,2025-03-25,signup,checkout,btn_1,,
user_303,2025-03-04T22:34:20-07:00,2025-03-04,purchase,home,btn_3,133.83,JPY
user_297,2025-03-03T01:52:53+09:00,2025-03-03,signup,checkout,btn_signup,,
user_217,2025-03-05T16:20:09-05:00,2025-03-05,click,product,btn_1,,
user_429,2025-03-28T15:28:49+00:00,2025-03-28,login,product,btn_1,,
user_198,2025-03-15T20:10:36-07:00,2025-03-15,purchase,search,btn_login,131.37,JPY
user_211,2025-03-09T10:13:24+00:00,2025-03-09,signup,checkout,btn_3,,
user_115,2025-03-15T23:56:32-07:00,2025-03-15,purchase,profile,btn_1,165.34,JPY
user_487,2025-03-05T17:53:27+09:00,2025-03-05,signup,home,btn_1,,
user_470,2025-03-19T06:33:44-04:00,2025-03-19,purchase,home,btn_2,25.13,JPY
user_280,2025-03-05T18:17:07-07:00,2025-03-05,login,search,btn_2,,
user_360,2025-03-13T17:59:24+00:00,2025-03-13,purchase,checkout,btn_login,171.44,JPY
user_245,2025-03-30T15:19:42+09:00,2025-03-30,click,checkout,btn_3,,
user_208,2025-03-23T17:23:52-04:00,2025-03-23,login,search,btn_login,,
user_387,2025-03-08T11:59:40-08:00,2025-03-08,purchase,home,btn_login,20.76,EUR
user_432,2025-03-12T21:46:11+09:00,2025-03-12,click,product,btn_login,,
user_148,2025-03-13T15:28:21-07:00,2025-03-13,login,checkout,btn_3,,
user_187,2025-03-02T14:28:31-07:00,2025-03-02,click,search,btn_login,,
user_132,2025-03-10T18:41:59-04:00,2025-03-10,purchase,checkout,btn_signup,50.31,USD
user_390,2025-03-05T01:46:15-07:00,2025-03-05,login,search,btn_login,,
user_213,2025-03-11T20:50:57+00:00,2025-03-11,signup,profile,btn_login,,
user_356,2025-03-26T23:29:25+00:00,2025-03-26,login,checkout,btn_login,,
user_127,2025-03-09T11:48:55+09:00,2025-03-09,signup,profile,btn_2,,
user_392,2025-03-03T08:38:30-05:00,2025-03-03,click,search,btn_login,,
user_496,2025-03-10T18:32:55+09:00,2025-03-10,signup,search,btn_signup,,
user_500,2025-03-08T21:42:01-07:00,2025-03-08,login,home,btn_2,,
user_358,2025-03-19T01:16:27-07:00,2025-03-19,click,search,btn_signup,,
user_137,2025-03-16T23:10:09-04:00,2025-03-16,login,home,btn_2,,
user_167,2025-03-30T03:06:40-04:00,2025-03-30,click,checkout,btn_signup,,
user_324,2025-03-06T05:51:13-05:00,2025-03-06,login,checkout,btn_signup,,
user_117,2025-03-02T19:01:32-05:00,2025-03-02,signup,checkout,btn_login,,
user_359,2025-03-02T01:29:39+09:00,2025-03-02,signup,product,btn_signup,,
user_483,2025-03-08T00:59:10-07:00,2025-03-08,login,profile,btn_3,,
user_179,2025-03-07T07:46:13-05:00,2025-03-07,login,home,btn_3,,
user_404,2025-03-03T10:51:47+09:00,2025-03-03,login,profile,btn_signup,,
user_188,2025-03-10T07:29:32-04:00,2025-03-10,purchase,home,btn_2,150.89,EUR
user_201,2025-03-18T05:54:51-07:00,2025-03-18,purchase,checkout,btn_1,49.51,EUR
user_223,2025-03-07T17:08:50-07:00,2025-03-07,click,profile,btn_login,,
user_421,2025-03-22T13:47:56-07:00,2025-03-22,click,home,btn_1,,
user_280,2025-03-02T09:03:01-07:00,2025-03-02,purchase,search,btn_1,41.44,USD
user_402,2025-03-07T12:23:06-08:00,2025-03-07,purchase,checkout,btn_2,117.46,EUR
user_316,2025-03-02T15:26:21+00:00,2025-03-02,signup,search,btn_1,,
user_426,2025-03-02T23:09:08+00:00,2025-03-02,click,home,btn_login,,
user_297,2025-03-27T04:01:12+00:00,2025-03-27,login,profile,btn_signup,,
user_333,2025-03-28T02:23:55+09:00,2025-03-28,login,search,btn_signup,,
user_307,2025-03-24T11:43:05-04:00,2025-03-24,click,profile,btn_signup,,
user_134,2025-03-29T22:25:00-07:00,2025-03-29,signup,home,btn_2,,
user_119,2025-03-02T19:45:03-05:00,2025-03-02,purchase,profile,btn_3,171.58,JPY
user_156,2025-03-20T19:06:36-04:00,2025-03-20,login,search,btn_signup,,
user_483,2025-03-01T13:10:00+00:00,2025-03-01,click,profile,btn_2,,
user_497,2025-03-29T20:50:16-07:00,2025-03-29,purchase,home,btn_signup,158.38,EUR
user_101,2025-03-01T06:05:29-08:00,2025-03-01,purchase,product,btn_login,178.45,EUR
user_425,2025-03-02T19:28:10-08:00,2025-03-02,login,search,btn_1,,
user_427,2025-03-16T21:20:55+00:00,2025-03-16,signup,profile,btn_3,,
user_170,2025-03-11T10:29:58-04:00,2025-03-11,signup,product,btn_login,,
user_328,2025-03-01T02:48:17-07:00,2025-03-01,signup,checkout,btn_2,,
user_269,2025-03-25T19:22:40+09:00,2025-03-25,purchase,product,btn_1,49.19,EUR
user_181,2025-03-22T21:35:45+00:00,2025-03-22,signup,profile,btn_2,,
user_205,2025-03-10T21:36:12-07:00,2025-03-10,login,product,btn_1,,
user_394,2025-03-03T00:43:32-07:00,2025-03-03,purchase,checkout,btn_signup,161.51,EUR
user_302,2025-03-14T16:31:16-07:00,2025-03-14,login,home,btn_3,,
user_440,2025-03-05T16:38:53-05:00,2025-03-05,signup,search,btn_signup,,
user_388,2025-03-29T19:47:36-04:00,2025-03-29,signup,search,btn_signup,,
user_242,2025-03-01T07:31:25-08:00,2025-03-01,signup,product,btn_login,,
user_491,2025-03-21T06:28:22+09:00,2025-03-21,login,product,btn_signup,,
user_131,2025-03-28T04:45:02+09:00,2025-03-28,purchase,checkout,btn_signup,113.56,JPY
user_244,2025-03-17T02:55:42-04:00,2025-03-17,signup,home,btn_2,,
user_394,2025-03-17T19:20:54+00:00,2025-03-17,click,checkout,btn_signup,,
user_253,2025-03-22T22:37:12+09:00,2025-03-22,click,product,btn_3,,
user_346,2025-03-07T07:53:09-07:00,2025-03-07,login,search,btn_3,,
user_396,2025-03-10T08:30:35-06:00,2025-03-10,signup,profile,btn_2,,
user_156,2025-03-25T16:11:10-07:00,2025-03-25,signup,search,btn_login,,
user_404,2025-03-26T11:35:41-07:00,2025-03-26,login,product,btn_2,,
user_230,2025-03-21T19:20:37-06:00,2025-03-21,click,profile,btn_2,,
user_381,2025-03-30T14:26:54-04:00,2025-03-30,signup,search,btn_login,,
user_210,2025-03-06T10:32:56-08:00,2025-03-06,purchase,search,btn_login,144.33,EUR
user_277,2025-03-02T02:56:10-07:00,2025-03-02,click,checkout,btn_2,,
user_358,2025-03-18T08:35:09-06:00,2025-03-18,signup,search,btn_login,,
user_263,2025-03-24T06:12:43-04:00,2025-03-24,signup,home,btn_signup,,
user_358,2025-03-02T20:36:34+00:00,2025-03-02,click,search,btn_signup,,
user_443,2025-03-12T20:36:45-07:00,2025-03-12,click,profile,btn_login,,
user_319,2025-03-18T16:04:48-04:00,2025-03-18,purchase,home,btn_login,140.98,JPY
user_140,2025-03-20T02:53:34-07:00,2025-03-20,click,home,btn_3,,
user_284,2025-03-04T08:42:50-08:00,2025-03-04,login,search,btn_3,,
user_181,2025-03-07T02:32:41-08:00,2025-03-07,click,checkout,btn_2,,
user_452,2025-03-22T09:53:45+09:00,2025-03-22,signup,search,btn_signup,,
user_443,2025-03-16T21:33:35-04:00,2025-03-16,login,checkout,btn_login,,
user_461,2025-03-18T04:47:57-06:00,2025-03-18,purchase,checkout,btn_signup,114.0,EUR
user_102,2025-03-02T04:01:59+09:00,2025-03-02,purchase,home,btn_3,110.53,USD
user_213,2025-03-05T19:23:23+00:00,2025-03-05,click,home,btn_2,,
user_356,2025-03-08T22:52:03-05:00,2025-03-08,signup,home,btn_3,,
user_379,2025-03-30T20:54:09-07:00,2025-03-30,login,search,btn_signup,,
user_161,2025-03-10T04:22:20+00:00,2025-03-10,signup,search,btn_signup,,
user_378,2025-03-13T18:17:49-06:00,2025-03-13,purchase,checkout,btn_3,178.41,EUR
user_306,2025-03-21T04:10:40-06:00,2025-03-21,signup,profile,btn_2,,
user_474,2025-03-16T10:53:14+09:00,2025-03-16,signup,checkout,btn_3,,
user_418,2025-03-28T00:23:35-07:00,2025-03-28,purchase,home,btn_1,103.52,JPY
user_419,2025-03-17T18:40:29-06:00,2025-03-17,purchase,home,btn_2,68.94,USD
user_377,2025-03-05T09:57:24+00:00,2025-03-05,signup,home,btn_login,,
user_305,2025-03-08T01:33:42-05:00,2025-03-08,login,search,btn_1,,
user_102,2025-03-25T12:32:48+00:00,2025-03-25,click,profile,btn_3,,
user_457,2025-03-27T21:25:04+09:00,2025-03-27,purchase,search,btn_signup,41.97,JPY
user_403,2025-03-11T07:16:04-06:00,2025-03-11,click,product,btn_login,,
user_401,2025-03-01T14:30:38+00:00,2025-03-01,purchase,search,btn_2,94.92,EUR
user_473,2025-03-31T08:13:29+09:00,2025-03-31,purchase,home,btn_3,63.17,EUR
user_220,2025-03-29T11:55:15+09:00,2025-03-29,click,profile,btn_2,,
user_333,2025-03-24T07:46:48+00:00,2025-03-24,signup,checkout,btn_login,,
user_489,2025-03-12T00:14:42-07:00,2025-03-12,purchase,product,btn_login,108.2,USD
user_345,2025-03-23T01:47:10+00:00,2025-03-23,signup,home,btn_signup,,
user_431,2025-03-09T05:40:31-04:00,2025-03-09,purchase,home,btn_login,49.06,USD
user_245,2025-03-18T19:38:40-07:00,2025-03-18,purchase,home,btn_2,98.16,JPY
user_126,2025-03-17T05:33:18+09:00,2025-03-17,purchase,checkout,btn_3,176.69,JPY
user_281,2025-03-04T23:34:50-07:00,2025-03-04,signup,checkout,btn_3,,
user_373,2025-03-11T22:08:50-04:00,2025-03-11,signup,search,btn_signup,,
user_223,2025-03-29T21:51:29-07:00,2025-03-29,login,profile,btn_1,,
user_366,2025-03-19T15:30:31-04:00,2025-03-19,signup,home,btn_1,,
user_381,2025-03-17T21:56:29-07:00,2025-03-17,purchase,search,btn_3,109.64,JPY
user_245,2025-03-05T02:17:31+09:00,2025-03-05,click,home,btn_1,,
user_158,2025-03-02T13:54:56-08:00,2025-03-02,signup,search,btn_login,,
user_188,2025-03-26T16:55:48-04:00,2025-03-26,login,checkout,btn_2,,
user_205,2025-03-09T20:53:15-07:00,2025-03-09,purchase,checkout,btn_3,151.25,JPY
user_385,2025-03-14T07:43:11-06:00,2025-03-14,signup,checkout,btn_signup,,
user_414,2025-03-17T13:08:13-04:00,2025-03-17,signup,product,btn_3,,
user_338,2025-03-21T05:07:28-06:00,2025-03-21,signup,product,btn_2,,
user_278,2025-03-12T14:33:53+00:00,2025-03-12,click,search,btn_2,,
user_105,2025-03-05T18:25:45-08:00,2025-03-05,purchase,product,btn_signup,106.79,JPY
user_288,2025-03-26T11:30:55-04:00,2025-03-26,login,product,btn_1,,
user_377,2025-03-23T14:56:13-04:00,2025-03-23,purchase,profile,btn_3,79.75,JPY
user_402,2025-03-02T02:51:22+09:00,2025-03-02,signup,checkout,btn_2,,
user_103,2025-03-29T06:07:30-04:00,2025-03-29,login,product,btn_login,,
user_372,2025-03-23T04:29:10-07:00,2025-03-23,signup,search,btn_2,,
user_144,2025-03-23T13:01:05-07:00,2025-03-23,signup,checkout,btn_3,,
user_276,2025-03-15T23:36:59+09:00,2025-03-15,purchase,home,btn_signup,83.06,USD
user_446,2025-03-11T13:29:42-06:00,2025-03-11,login,product,btn_3,,
user_192,2025-03-07T05:36:10+09:00,2025-03-07,signup,product,btn_2,,
user_210,2025-03-20T09:49:43+09:00,2025-03-20,login,search,btn_login,,
user_169,2025-03-19T15:54:01+00:00,2025-03-19,signup,home,btn_1,,
user_391,2025-03-20T18:19:29+00:00,2025-03-20,signup,product,btn_login,,
user_353,2025-03-09T15:43:48-06:00,2025-03-09,purchase,home,btn_3,59.84,JPY
user_386,2025-03-23T10:00:47+00:00,2025-03-23,click,search,btn_3,,
user_446,2025-03-08T01:51:26-07:00,2025-03-08,signup,profile,btn_1,,
user_438,2025-03-23T09:24:00+00:00,2025-03-23,click,search,btn_2,,
user_145,2025-03-12T05:30:21-06:00,2025-03-12,signup,checkout,btn_signup,,
user_265,2025-03-29T04:35:01+09:00,2025-03-29,login,product,btn_1,,
user_309,2025-03-12T11:02:57-07:00,2025-03-12,purchase,home,btn_signup,121.91,USD
user_317,2025-03-21T05:30:22+09:00,2025-03-21,purchase,search,btn_2,102.64,EUR
user_254,2025-03-13T19:37:10+00:00,2025-03-13,purchase,checkout,btn_login,47.43,EUR
user_416,2025-03-29T01:38:50-06:00,2025-03-29,login,profile,btn_login,,
user_349,2025-03-21T03:53:57-04:00,2025-03-21,purchase,checkout,btn_login,83.33,JPY
user_155,2025-03-14T01:47:45-07:00,2025-03-14,purchase,product,btn_3,114.54,EUR
user_434,2025-03-16T17:11:00+00:00,2025-03-16,purchase,product,btn_login,86.4,JPY
user_490,2025-03-06T22:16:25-07:00,2025-03-06,click,home,btn_2,,
user_296,2025-03-04T23:49:29-05:00,2025-03-04,purchase,search,btn_2,194.99,JPY
user_237,2025-03-03T12:31:45+09:00,2025-03-03,signup,checkout,btn_signup,,
user_306,2025-03-09T03:27:28+09:00,2025-03-09,purchase,search,btn_signup,67.69,USD
user_210,2025-03-16T02:27:45+00:00,2025-03-16,click,home,btn_signup,,
user_129,2025-03-04T06:36:11+00:00,2025-03-04,login,search,btn_login,,
user_267,2025-03-09T13:41:16-04:00,2025-03-09,signup,home,btn_login,,
user_339,2025-03-20T00:53:27-07:00,2025-03-20,signup,checkout,btn_signup,,
user_369,2025-03-23T09:29:10+09:00,2025-03-23,login,checkout,btn_login,,
user_203,2025-03-13T19:37:49+00:00,2025-03-13,signup,home,btn_2,,
user_327,2025-03-15T03:57:11-07:00,2025-03-15,login,checkout,btn_2,,
user_416,2025-03-22T18:44:20-04:00,2025-03-22,signup,checkout,btn_1,,
user_458,2025-03-02T03:53:19-05:00,2025-03-02,signup,product,btn_2,,
user_403,2025-03-14T00:42:02-06:00,2025-03-14,signup,product,btn_signup,,
user_448,2025-03-20T05:43:47-06:00,2025-03-20,login,search,btn_3,,
user_176,2025-03-02T09:32:11-07:00,2025-03-02,click,search,btn_login,,
user_359,2025-03-28T18:12:04-04:00,2025-03-28,click,search,btn_2,,
user_181,2025-03-01T20:39:19-05:00,2025-03-01,purchase,product,btn_1,173.02,JPY
user_158,2025-03-20T04:31:44-04:00,2025-03-20,login,profile,btn_login,,
user_417,2025-03-07T09:58:58-07:00,2025-03-07,purchase,home,btn_1,108.73,JPY
user_345,2025-03-11T01:39:22+09:00,2025-03-11,purchase,product,btn_login,139.14,JPY
user_253,2025-03-19T09:31:02+00:00,2025-03-19,signup,profile,btn_signup,,
user_142,2025-03-05T01:03:13+09:00,2025-03-05,login,profile,btn_2,,
user_144,2025-03-08T04:25:55+09:00,2025-03-08,click,search,btn_login,,
user_369,2025-03-14T06:36:51+00:00,2025-03-14,purchase,product,btn_3,165.48,EUR
user_492,2025-03-05T23:27:07+00:00,2025-03-05,login,search,btn_1,,
user_493,2025-03-29T16:09:01+09:00,2025-03-29,purchase,home,btn_signup,169.72,JPY
user_473,2025-03-20T22:31:09-06:00,2025-03-20,signup,home,btn_login,,
user_203,2025-03-14T00:22:01-04:00,2025-03-14,click,product,btn_1,,
user_154,2025-03-15T04:25:06+09:00,2025-03-15,login,product,btn_3,,
user_145,2025-03-31T14:33:31+09:00,2025-03-31,click,home,btn_login,,
user_462,2025-03-07T20:46:48+00:00,2025-03-07,login,product,btn_login,,
user_466,2025-03-03T13:47:52-07:00,2025-03-03,purchase,product,btn_2,122.87,JPY
user_180,2025-03-23T00:42:37+00:00,2025-03-23,login,product,btn_login,,
user_245,2025-03-25T10:41:44-06:00,2025-03-25,signup,product,btn_3,,
user_228,2025-03-25T02:51:53+00:00,2025-03-25,purchase,home,btn_login,78.24,JPY
user_171,2025-03-26T17:56:39-06:00,2025-03-26,purchase,home,btn_2,116.79,JPY
user_358,2025-03-15T09:41:17-07:00,2025-03-15,login,profile,btn_login,,
user_237,2025-03-01T19:09:16-05:00,2025-03-01,purchase,home,btn_1,198.25,EUR
user_123,2025-03-09T16:32:36-06:00,2025-03-09,click,product,btn_2,,
user_481,2025-03-02T15:31:03+00:00,2025-03-02,purchase,search,btn_signup,87.36,JPY
user_386,2025-03-10T16:39:28-07:00,2025-03-10,purchase,profile,btn_2,83.03,USD
user_376,2025-03-19T03:14:28+09:00,2025-03-19,login,home,btn_3,,
user_261,2025-03-20T03:59:08-07:00,2025-03-20,click,checkout,btn_signup,,
user_254,2025-03-04T21:47:29+00:00,2025-03-04,purchase,profile,btn_2,55.25,JPY
user_368,2025-03-11T07:26:48+00:00,2025-03-11,click,checkout,btn_1,,
user_228,2025-03-24T22:18:34+09:00,2025-03-24,login,home,btn_signup,,
user_287,2025-03-30T18:41:53-04:00,2025-03-30,purchase,profile,btn_1,29.63,JPY
user_318,2025-03-12T16:42:02-04:00,2025-03-12,login,product,btn_1,,
user_232,2025-03-07T21:14:53-05:00,2025-03-07,purchase,profile,btn_signup,33.53,JPY
user_216,2025-03-16T00:48:28-04:00,2025-03-16,signup,checkout,btn_1,,
user_168,2025-03-17T07:59:01-06:00,2025-03-17,signup,product,btn_signup,,
user_109,2025-03-23T16:17:11-06:00,2025-03-23,login,home,btn_login,,
user_146,2025-03-07T00:29:43+09:00,2025-03-07,purchase,profile,btn_login,108.82,EUR
user_477,2025-03-21T20:04:05-04:00,2025-03-21,click,checkout,btn_1,,
user_298,2025-03-31T13:44:34+09:00,2025-03-31,purchase,home,btn_login,95.95,USD
user_293,2025-03-27T02:37:49+00:00,2025-03-27,login,profile,btn_1,,
user_116,2025-03-14T00:56:44-06:00,2025-03-14,purchase,product,btn_login,26.65,JPY
user_134,2025-03-02T00:29:28-08:00,2025-03-02,login,home,btn_2,,
user_478,2025-03-09T20:32:34+00:00,2025-03-09,login,profile,btn_3,,
user_387,2025-03-31T15:27:08+09:00,2025-03-31,signup,checkout,btn_1,,
user_208,2025-03-20T18:28:15-07:00,2025-03-20,purchase,product,btn_signup,11.89,JPY
user_493,2025-03-22T03:37:21+00:00,2025-03-22,signup,search,btn_signup,,
user_300,2025-03-23T11:33:44+09:00,2025-03-23,signup,checkout,btn_1,,
user_117,2025-03-21T07:08:28-06:00,2025-03-21,purchase,checkout,btn_login,91.36,JPY
user_301,2025-03-12T10:34:48-07:00,2025-03-12,click,search,btn_3,,
user_228,2025-03-23T06:45:20+09:00,2025-03-23,click,product,btn_1,,
user_432,2025-03-27T00:57:57-06:00,2025-03-27,click,product,btn_2,,
user_136,2025-03-25T21:47:35+09:00,2025-03-25,signup,search,btn_3,,
user_468,2025-03-03T05:20:03+09:00,2025-03-03,login,checkout,btn_login,,
user_413,2025-03-30T20:30:20-04:00,2025-03-30,click,search,btn_1,,
user_100,2025-03-06T02:36:09+09:00,2025-03-06,signup,search,btn_3,,
user_440,2025-03-27T13:40:43+09:00,2025-03-27,signup,search,btn_signup,,
user_411,2025-03-27T19:35:00-04:00,2025-03-27,login,product,btn_login,,
user_408,2025-03-09T01:03:13-08:00,2025-03-09,signup,checkout,btn_login,,
user_233,2025-03-15T01:46:04-04:00,2025-03-15,login,product,btn_1,,
user_421,2025-03-24T12:58:43+09:00,2025-03-24,login,search,btn_2,,
user_487,2025-03-25T05:56:18-06:00,2025-03-25,purchase,profile,btn_login,48.5,USD
user_488,2025-03-19T12:33:47+09:00,2025-03-19,signup,search,btn_3,,
user_497,2025-03-28T06:32:38-04:00,2025-03-28,login,home,btn_signup,,
user_231,2025-03-10T19:00:40-04:00,2025-03-10,login,home,btn_signup,,
user_184,2025-03-24T11:02:54+09:00,2025-03-24,signup,product,btn_1,,
user_215,2025-03-01T23:24:48+09:00,2025-03-01,signup,home,btn_1,,
